Alvin Phan,116438565
Alexandro Morales,115146982
Daniel Roa,116289650
Gustavo Romero,114612975
Andy Tsang,100705094
Donghun Kang,115175788
Anthony Gonsalves,100003836
Nima Movasseshi,116749296
Calvin Chow,100531056
JJ Wolf,100490211
Martin Ortiz,101511107
Jose Reyes,114755514
Ryan Dahili,100678669
Mack McGhee,118236643
Matt Griffin,118883536
Jenner Jones,106604101
Jason Han,117649686
Elliot Ong,114555391
Vincent Tran,110996400
Nick Varbanets,105907104
Tenzing Kunsang,106242624
George Callacna,116763590
Jerome Daniels,115994897
Alex Baldwin,114853711
Alvaro Lopez,101376466
Janiel Martinez,106604002
Cristian Lorenzana,110292402
Brian Huynh,115318684
Qiu Yang,117847339
Nathan Dizon,
Kyle Williams,106603971
AJ,
Sean Martinez,101085604
Chris Tran,110506230
Joseph Chung,114024180
Kenneth Kuo,100010414
Yishan McNabb,101351797
Aymen Matari,104959901
Klint Pangilinan,116438565
Abel Urena,102821568
Duy Pham,110785038
Sean Yamazaki,117728888
Samuel Delgado,115730679
Daniel Nath,118276821
Tuong Lai,117819908
Jair Manzanilla,111288661
Eric Baldwin,116524261
Ibrahim Dusmez,106604308
Mark Tayo,106604124
Alex Frank,
Garaku Obloma,106604026
Melanie Ma,120432116
Sebastian Rivera,101586110
Teddy Tran,
Joe,
Spencer Porter,118276857
Allen Wu,117890121
Sam Hoang,117933853
Ismael Zamora,106604014
Claudio Vacloudio,116509142
Johnston Pau,115318537
Raymond Chen,101022298
Jesse Rhee,106505580
Dan Machado,100528001
Nicco Zaragoza,106603677
Justin Le,113891376
Erik Chau,114915655
Austin Baylor,114722146
Grant Groshek,115993069
